"sector","ind","eq"
"Consumer_Discretionary","WW_MNRO",1.52038094516977
"Consumer_Discretionary","WW_EAT",1.64005478984747
"Consumer_Discretionary","SNBR_ETD",1.89952738057116
"Consumer_Discretionary","PETS_GPI",2.72846468684326
"Consumer_Discretionary","PETS_SAH",3.35675891920719
"Consumer_Discretionary","PETS_ODP",4.3992545117391
"Consumer_Discretionary","ATGE_ODP",4.67986687490358
"Consumer_Discretionary","PETS_ABG",5.88422451344798
"Consumer_Discretionary","SNBR_EAT",8.89716357862967
"Consumer_Discretionary","MOV_HIBB",10.6757560191543
"Consumer_Discretionary","GDEN_CRMT",13.1033490083539
"Consumer_Discretionary","THRM_LZB",13.6695187501017
"Consumer_Discretionary","PETS_RGR",14.0997570649126
"Consumer_Discretionary","DORM_PATK",16.4146891848119
"Consumer_Discretionary","ATGE_MHO",17.1723395307727
"Consumer_Discretionary","PATK_DORM",17.4647293361653
"Consumer_Discretionary","SNBR_BJRI",17.873535732112
"Consumer_Discretionary","MHO_HZO",20.8993422340472
"Consumer_Discretionary","PETS_OXM",20.9168112460741
"Consumer_Discretionary","AEO_GCO",23.8620372455275
"Consumer_Discretionary","PETS_MTH",24.2366585212339
"Consumer_Discretionary","RCII_HZO",24.2859209180541
"Consumer_Discretionary","PATK_CHS",26.0642380911568
"Consumer_Discretionary","SMP_HIBB",26.0794856464553
"Consumer_Discretionary","PETS_CAL",27.6631852360799
"Consumer_Discretionary","GDEN_SHOO",30.2215203091569
"Consumer_Discretionary","DIN_SHOO",30.87737545808
"Consumer_Discretionary","SIG_MDC",35.6523994528652
"Consumer_Discretionary","ATGE_CAKE",37.4631771335123
"Consumer_Discretionary","MCRI_RCII",37.8040194460361
"Consumer_Discretionary","HIBB_URBN",39.6599310371618
"Consumer_Discretionary","HIBB_PETS",42.8720968935322
"Consumer_Discretionary","CAKE_ATGE",43.1251912799075
"Consumer_Discretionary","MNRO_BIG",43.1293021524613
"Consumer_Discretionary","PATK_CAKE",43.9279223703089
"Consumer_Discretionary","SHOO_GES",44.063731264961
"Consumer_Discretionary","GDEN_AEO",45.1549482768748
"Consumer_Discretionary","RGR_ANF",45.5361742709192
"Consumer_Discretionary","HZO_GPI",49.7918556395722
"Consumer_Discretionary","MDC_HIBB",50.4182069195047
"Consumer_Discretionary","PRDO_SHOO",52.3630785930341
"Consumer_Discretionary","GCO_AEO",59.5240115000459
"Consumer_Discretionary","DORM_STRA",61.0844278998412
"Consumer_Discretionary","WGO_WW",61.2417368342982
"Consumer_Discretionary","EAT_SHOO",62.1476299844998
"Consumer_Discretionary","MNRO_WW",67.4288101540805
"Consumer_Discretionary","HIBB_UEIC",67.5306258762564
"Consumer_Discretionary","SIG_ANF",68.482284002127
"Consumer_Discretionary","HZO_PRDO",70.5721453710026
"Consumer_Discretionary","HZO_WGO",71.4667153870757
"Consumer_Discretionary","ANF_JACK",71.6781763552617
"Consumer_Discretionary","MDC_BKE",75.0455532818641
"Consumer_Discretionary","BJRI_BKE",77.6359886474715
"Consumer_Discretionary","BKE_BIG",86.341875434602
"Consumer_Discretionary","SHOO_SNBR",86.7339853123909
"Consumer_Discretionary","GES_ABG",87.8730613126529
"Consumer_Discretionary","GPI_SIG",88.5281098884659
"Consumer_Discretionary","SHOO_RGR",92.6261813165768
"Consumer_Discretionary","CVCO_GIII",93.9028819334948
"Consumer_Discretionary","HZO_PETS",101.623736178049
"Consumer_Discretionary","MDC_GIII",106.300383780818
"Consumer_Discretionary","MNRO_AXL",108.535728109486
"Consumer_Discretionary","HIBB_MDC",110.407346936262
"Consumer_Discretionary","UEIC_WGO",110.699917160575
"Consumer_Discretionary","ABG_GCO",122.056839260758
"Consumer_Discretionary","HVT_ATGE",128.046757986196
"Consumer_Discretionary","HZO_MTH",135.714014219359
"Consumer_Discretionary","HVT_PETS",136.236162949948
"Consumer_Discretionary","MPAA_THRM",145.758624865813
"Consumer_Discretionary","HIBB_MOV",157.465486410809
"Consumer_Discretionary","DORM_PLCE",173.606208608737
"Consumer_Discretionary","DORM_PRDO",183.994461258805
"Consumer_Discretionary","GCO_ODP",192.459352433803
"Consumer_Discretionary","SAH_AEO",193.942436985529
"Consumer_Discretionary","DIN_ODP",197.692051974449
"Consumer_Discretionary","MNRO_BJRI",201.410344536264
"Consumer_Discretionary","SIG_SAH",202.114475442483
"Consumer_Discretionary","HVT_SAH",203.874728467457
"Consumer_Discretionary","SMP_GPI",215.293402354572
"Consumer_Discretionary","PETS_MCRI",220.25492242648
"Consumer_Discretionary","PATK_AEO",270.235297181553
"Consumer_Discretionary","SAH_HIBB",275.209079908401
"Consumer_Discretionary","DORM_RCII",280.88629904404
"Consumer_Discretionary","DORM_WWW",284.136380298566
"Consumer_Discretionary","HZO_CHS",299.226411622882
"Consumer_Discretionary","MNRO_DORM",306.714168034904
"Consumer_Discretionary","RGR_THRM",308.950820268937
"Consumer_Discretionary","HZO_MHO",311.159423013814
"Consumer_Discretionary","SCVL_PLCE",313.290086109955
"Consumer_Discretionary","SIG_ODP",325.984787828684
"Consumer_Discretionary","CAL_RCII",342.513609326772
"Consumer_Discretionary","MCRI_PLCE",354.058144279008
"Consumer_Discretionary","CVCO_BBBY",365.666428489399
"Consumer_Discretionary","PLCE_SCVL",383.322437861524
"Consumer_Discretionary","WGO_HVT",386.440218216832
"Consumer_Discretionary","BBBY_CAKE",496.363837481216
"Consumer_Discretionary","PETS_ATGE",510.359942365126
"Consumer_Discretionary","BIG_PATK",549.353725679018
"Consumer_Discretionary","MOV_GCO",565.972430388944
"Consumer_Discretionary","RGR_SIG",660.757879015526
"Consumer_Discretionary","DORM_CAKE",678.453278657999
"Consumer_Discretionary","DORM_THRM",700.235604206496
"Consumer_Discretionary","URBN_PATK",812.105612240432
"Consumer_Discretionary","DORM_SIG",815.59255580972
"Consumer_Discretionary","PETS_PRDO",869.123946105038
"Consumer_Discretionary","EAT_ODP",886.835919992977
"Consumer_Discretionary","CVCO_MOV",921.679744910061
"Communication_Services","SSP_SHEN",6.4257450246315
"Communication_Services","SSP_ATNI",9.60465623046076
"Communication_Services","CCOI_MCS",11.6672670758664
"Communication_Services","CCOI_SHEN",14.7792068064857
"Communication_Services","SHEN_MCS",23.724753370232
"Communication_Services","SSP_CCOI",24.4300542435398
"Communication_Services","SSP_SCHL",26.1800420915071
"Communication_Services","SCHL_SHEN",32.634407426916
"Communication_Services","SCHL_MCS",40.3927156824313
"Communication_Services","TDS_ATNI",44.2699908878664
"Communication_Services","CCOI_SCHL",48.927983977289
"Communication_Services","CCOI_SSP",49.2500101145202
"Communication_Services","CCOI_ATNI",54.3997230433411
"Communication_Services","SSP_TDS",62.4280035732306
"Communication_Services","MCS_SHEN",73.0472019032226
"Communication_Services","TDS_MCS",84.1816513417898
"Communication_Services","MCS_ATNI",88.7699582942955
"Communication_Services","SHEN_SCHL",108.260156300213
"Communication_Services","MCS_SSP",145.384703628908
"Communication_Services","SCHL_TDS",154.879226915197
"Communication_Services","SCHL_SSP",167.958099423786
"Communication_Services","SCHL_ATNI",174.540078190719
"Communication_Services","TDS_SHEN",181.249310553727
"Communication_Services","MCS_TDS",182.521825035921
"Communication_Services","ATNI_MCS",205.234238527105
"Communication_Services","TDS_CCOI",292.417834933047
"Communication_Services","TDS_SSP",293.012907051269
"Communication_Services","ATNI_TDS",293.305816495138
"Communication_Services","SCHL_CCOI",297.686252229408
"Communication_Services","SHEN_SSP",312.253536954206
"Communication_Services","SHEN_ATNI",338.24443111773
"Communication_Services","SHEN_TDS",348.128074634182
"Communication_Services","MCS_SCHL",355.912075620979
"Communication_Services","ATNI_CCOI",366.235926343048
"Communication_Services","ATNI_SCHL",383.70626557962
"Communication_Services","SHEN_CCOI",401.065320987256
"Communication_Services","ATNI_SSP",476.319540117638
"Communication_Services","ATNI_SHEN",658.502929444764
"Communication_Services","TDS_SCHL",720.792495332525
"Communication_Services","MCS_CCOI",2017.67132768095
"Consumer_Staples","MGPI_SENEA",3.53179338144614
"Consumer_Staples","EPC_MED",3.5651121101748
"Consumer_Staples","MGPI_USNA",4.77317988939122
"Consumer_Staples","MGPI_CVGW",6.31295834208355
"Consumer_Staples","MGPI_CENT",7.56054883714968
"Consumer_Staples","UNFI_MGPI",11.2176818176735
"Consumer_Staples","MGPI_FIZZ",12.6124097514752
"Consumer_Staples","UNFI_SENEA",15.9544559366224
"Consumer_Staples","ANDE_CENT",17.2929050446769
"Consumer_Staples","FIZZ_FDP",17.7708432417942
"Consumer_Staples","TR_FIZZ",17.8955589637388
"Consumer_Staples","NUS_FIZZ",18.6698529322668
"Consumer_Staples","IPAR_FIZZ",21.6567766538555
"Consumer_Staples","HAIN_CVGW",25.8299199620258
"Consumer_Staples","IPAR_MED",26.225200339508
"Consumer_Staples","TR_MED",27.6647834228779
"Consumer_Staples","TR_PSMT",27.9258352499327
"Consumer_Staples","HAIN_IPAR",29.6508438678304
"Consumer_Staples","IPAR_UNFI",30.7286534029897
"Consumer_Staples","JJSF_SPTN",30.8393868224466
"Consumer_Staples","UNFI_SPTN",30.980747369536
"Consumer_Staples","JBSS_CENT",31.6325471145064
"Consumer_Staples","IPAR_SPTN",32.0470701699584
"Consumer_Staples","NUS_UVV",33.5229525048406
"Consumer_Staples","CENT_UVV",34.963382002773
"Consumer_Staples","NUS_VGR",35.0619267092678
"Consumer_Staples","FIZZ_UVV",36.9610973621611
"Consumer_Staples","CENT_JBSS",37.4029758385634
"Consumer_Staples","SPTN_UNFI",40.5204079469143
"Consumer_Staples","IPAR_HAIN",41.4632761869139
"Consumer_Staples","VGR_CENT",41.5461856474388
"Consumer_Staples","SPTN_CALM",43.45244200336
"Consumer_Staples","EPC_JJSF",44.263909141743
"Consumer_Staples","WDFC_MGPI",47.4672374519324
"Consumer_Staples","TR_ANDE",48.8008994211383
"Consumer_Staples","WDFC_FIZZ",49.6462796558064
"Consumer_Staples","UNFI_PSMT",50.177091718196
"Consumer_Staples","CALM_CVGW",50.5503289229445
"Consumer_Staples","TR_WDFC",50.7014356856159
"Consumer_Staples","SPTN_USNA",51.4301523456128
"Consumer_Staples","UNFI_VGR",53.7020562823693
"Consumer_Staples","TR_NUS",59.602357938045
"Consumer_Staples","FDP_USNA",60.2301308664163
"Consumer_Staples","CALM_TR",61.4672958229338
"Consumer_Staples","VGR_UVV",63.6145267562616
"Consumer_Staples","VGR_MED",63.9723994305508
"Consumer_Staples","FIZZ_MED",66.3511054458855
"Consumer_Staples","SENEA_MGPI",66.7121242085236
"Consumer_Staples","FDP_HAIN",67.1342951660281
"Consumer_Staples","USNA_UVV",67.5752278207512
"Consumer_Staples","CALM_HAIN",70.3844638465326
"Consumer_Staples","IPAR_JJSF",71.2048195718515
"Consumer_Staples","ANDE_FIZZ",75.3780010049886
"Consumer_Staples","SPTN_CENT",76.1625322602439
"Consumer_Staples","SPTN_VGR",76.6056888843876
"Consumer_Staples","JJSF_PSMT",77.1703244898051
"Consumer_Staples","NUS_UNFI",78.9368002574479
"Consumer_Staples","ANDE_PSMT",81.7151236778956
"Consumer_Staples","JJSF_IPAR",82.2054012078762
"Consumer_Staples","ANDE_TR",82.6151222710733
"Consumer_Staples","TR_CALM",83.7890361064674
"Consumer_Staples","CALM_PSMT",85.064532315763
"Consumer_Staples","TR_UVV",85.9643565409794
"Consumer_Staples","UVV_SENEA",86.7197413483443
"Consumer_Staples","VGR_JJSF",87.5664675968415
"Consumer_Staples","CVGW_MGPI",89.0491836281135
"Consumer_Staples","SPTN_FDP",90.4218327719024
"Consumer_Staples","IPAR_NUS",90.6698274086382
"Consumer_Staples","FIZZ_NUS",94.4973209887354
"Consumer_Staples","NUS_JJSF",101.612067401713
"Consumer_Staples","IPAR_TR",109.914302402774
"Consumer_Staples","SPTN_IPAR",110.202373298612
"Consumer_Staples","WDFC_UVV",112.326002222609
"Consumer_Staples","UVV_VGR",112.837442775833
"Consumer_Staples","FDP_WDFC",115.716306661466
"Consumer_Staples","UVV_NUS",118.200826431597
"Consumer_Staples","CALM_ANDE",123.039170322512
"Consumer_Staples","SPTN_UVV",132.216186024003
"Consumer_Staples","USNA_SPTN",138.534956853728
"Consumer_Staples","FDP_PSMT",138.618064751411
"Consumer_Staples","USNA_JJSF",141.899368809071
"Consumer_Staples","JJSF_ANDE",150.260226858342
"Consumer_Staples","SENEA_UNFI",158.771028235824
"Consumer_Staples","SPTN_SENEA",160.954098469899
"Consumer_Staples","CALM_VGR",161.703223751057
"Consumer_Staples","JJSF_WDFC",178.078642544349
"Consumer_Staples","CENT_HAIN",192.194495579498
"Consumer_Staples","TR_USNA",194.206677269202
"Consumer_Staples","TR_IPAR",205.509243285844
"Consumer_Staples","EPC_MGPI",205.550688703524
"Consumer_Staples","WDFC_NUS",214.858705412394
"Consumer_Staples","VGR_IPAR",263.926936272831
"Consumer_Staples","USNA_HAIN",280.222504058924
"Consumer_Staples","SENEA_SPTN",283.079716371941
"Consumer_Staples","SENEA_TR",352.643352242989
"Consumer_Staples","JJSF_JBSS",379.881855711382
"Consumer_Staples","SENEA_CVGW",392.730112645888
"Consumer_Staples","SENEA_MED",402.349141538082
"Consumer_Staples","CENT_MGPI",482.443899004342
"Consumer_Staples","CENT_MED",642.28665141109
"Consumer_Staples","SENEA_ANDE",1915.45285565365
"Energy","CPE_DRQ",1.60114206625213
"Energy","CRK_INT",4.05864899907636
"Energy","SM_HLX",4.47925293802713
"Energy","HLX_CPE",4.5043899292123
"Energy","OII_CRK",4.60958755595477
"Energy","SM_BOOM",5.19185860331678
"Energy","BOOM_CPE",6.3028813832597
"Energy","CRK_HLX",7.30208196432839
"Energy","DRQ_SM",7.75912842894348
"Energy","INT_CRK",8.76190224070741
"Energy","SM_OII",9.28201590678427
"Energy","OII_SM",9.53888740455388
"Energy","CPE_RES",10.0553789404995
"Energy","DRQ_CPE",10.4704869233851
"Energy","CPE_CLB",11.844882757718
"Energy","CRK_REX",12.4580585071684
"Energy","CPE_NBR",13.3031387307122
"Energy","SM_REX",13.419170962711
"Energy","PTEN_INT",13.5471718987853
"Energy","HLX_SM",14.4926905142008
"Energy","SM_OIS",14.5174356119161
"Energy","SM_NBR",15.6768571776547
"Energy","NBR_BOOM",15.824599751848
"Energy","CLB_NBR",16.2547561970945
"Energy","HLX_RES",16.9347932252738
"Energy","HLX_CRK",17.023128278559
"Energy","DRQ_CRK",18.3943651549255
"Energy","RES_NBR",20.4060005340251
"Energy","CLB_CPE",20.9187172534387
"Energy","HLX_PTEN",21.6214903216068
"Energy","HLX_BOOM",24.6947359632015
"Energy","PTEN_CRK",25.0142145527396
"Energy","PTEN_SM",25.3104163697162
"Energy","CRK_HP",26.5945540784466
"Energy","DRQ_REX",28.238092760136
"Energy","OII_NBR",31.2949235439291
"Energy","RES_CLB",31.5474949591539
"Energy","HP_BOOM",32.3651038581842
"Energy","BOOM_DRQ",33.0925959419775
"Energy","HLX_INT",33.4468111334902
"Energy","BOOM_HP",33.6275425098403
"Energy","NBR_OII",34.5096035531129
"Energy","HP_CRK",35.4614741297603
"Energy","OII_BOOM",35.9985222470507
"Energy","HP_NBR",38.5434616734564
"Energy","CPE_OIS",38.5672353638611
"Energy","CPE_PTEN",41.2001396244297
"Energy","CPE_SM",44.731535085476
"Energy","RES_HLX",47.4985941010464
"Energy","OIS_OII",52.0182330618467
"Energy","DRQ_OII",58.1702956340233
"Energy","NBR_CLB",63.0262317047661
"Energy","HLX_DRQ",64.7583350614968
"Energy","PTEN_HP",66.8278323307791
"Energy","OIS_SM",68.2980682254946
"Energy","HLX_OIS",71.0142899385676
"Energy","OIS_PTEN",71.205130656296
"Energy","RES_CPE",80.2911953320723
"Energy","HLX_HP",81.2888928433716
"Energy","DRQ_OIS",88.9562060877504
"Energy","CPE_HP",97.7261229520719
"Energy","DRQ_CLB",99.2812421110415
"Energy","OII_HLX",100.087856155289
"Energy","HP_HLX",103.543277250957
"Energy","CRK_OII",112.631651015751
"Energy","OIS_CLB",116.932934368754
"Energy","PTEN_OIS",117.269339135129
"Energy","RES_PTEN",120.647179072379
"Energy","SM_HP",122.238214862663
"Energy","NBR_CPE",123.127497227837
"Energy","NBR_REX",124.279803520535
"Energy","PTEN_CPE",127.337182218601
"Energy","HP_OIS",129.700103891226
"Energy","NBR_RES",135.55363371761
"Energy","BOOM_OII",150.621950712415
"Energy","OII_OIS",152.349586122009
"Energy","NBR_SM",181.609863844791
"Energy","NBR_HP",183.065041441699
"Energy","REX_DRQ",280.205930877594
"Energy","PTEN_NBR",333.388811731842
"Energy","PTEN_RES",431.817228941692
"Energy","REX_CLB",808.278457104598
"Energy","REX_INT",810.050919527592
"Energy","REX_NBR",1080.04765474773
"Energy","INT_HLX",1159.39136158461
"Financials","UVE_CBU",-5.22981754298952
"Financials","TBBK_AGO",5.61428067489425
"Financials","FBP_ABCB",9.3081819998754
"Financials","PRA_OFG",16.3604474435863
"Financials","EZPW_TRST",16.4287542821918
"Financials","ABCB_FBP",16.8676980933985
"Financials","HAFC_SBSI",18.7672753371046
"Financials","BANR_WABC",18.8059339217352
"Financials","HAFC_BANF",24.2745563955512
"Financials","HFWA_SBSI",26.2288261236602
"Financials","SNEX_BFH",27.039613017563
"Financials","WT_OFG",33.5566172092806
"Financials","GNW_FBNC",34.4619413675367
"Financials","WABC_BANR",36.0969758016452
"Financials","HOPE_PIPR",37.5865767996203
"Financials","STBA_BANR",38.8075430886281
"Financials","INDB_WRLD",39.0759715285421
"Financials","BANF_GNW",41.6045832611292
"Financials","EGBN_PRG",42.4115473642953
"Financials","PIPR_BANF",42.499572365411
"Financials","WRLD_ECPG",42.6449986325754
"Financials","TBBK_PRK",42.9351313221599
"Financials","TRST_EZPW",46.7668848063505
"Financials","HTH_BANC",51.9939273485574
"Financials","BANC_STC",53.1024377043407
"Financials","HFWA_EZPW",55.2385368812652
"Financials","NWBI_PRAA",59.4614558257497
"Financials","HFWA_UFCS",60.7998649700507
"Financials","STBA_TMP",67.8066050480969
"Financials","SFNC_WRLD",69.3044161664449
"Financials","PRA_CFFN",69.8696607973169
"Financials","GNW_ABCB",70.8871283342964
"Financials","BANC_HTH",75.4127820082362
"Financials","PFBC_FCF",75.6111747754965
"Financials","BANC_CFFN",77.5790058323038
"Financials","BANR_UCBI",77.9865237100919
"Financials","NWBI_FBNC",79.5408837477952
"Financials","RNST_CBU",85.9566494040581
"Financials","WSFS_COLB",94.8824354974868
"Financials","WABC_FBNC",104.262656670357
"Financials","CVBF_TRMK",106.93482205566
"Financials","PIPR_TRMK",107.084246465919
"Financials","RWT_PPBI",108.228162085897
"Financials","WSFS_NBTB",109.148331701223
"Financials","TRST_NWBI",111.347787050912
"Financials","TMP_STBA",112.238878603921
"Financials","CBU_HFWA",114.622679520929
"Financials","WSFS_HTH",114.844715750541
"Financials","EGBN_BRKL",115.920837888197
"Financials","FFBC_CVBF",117.424006895938
"Financials","SAFT_EZPW",118.063982780806
"Financials","WSFS_TBBK",123.886107789118
"Financials","EGBN_RNST",124.825622456702
"Financials","WSFS_FCF",136.800178431809
"Financials","OFG_BHLB",138.249270486872
"Financials","CASH_UCBI",138.376445129825
"Financials","EGBN_STC",140.252049622401
"Financials","SFNC_TRST",145.105919434359
"Financials","EGBN_WRLD",152.751513954902
"Financials","PIPR_HOPE",164.889059828208
"Financials","NBTB_CASH",175.167333602175
"Financials","CHCO_SBSI",175.911151220065
"Financials","PPBI_FFBC",183.178065028326
"Financials","EGBN_PRK",191.949232375635
"Financials","STC_PRA",192.834271647233
"Financials","NWBI_AEL",200.161534738033
"Financials","BANF_BRKL",211.343377576077
"Financials","CBU_HMN",215.394009262918
"Financials","INDB_PRK",219.773376433753
"Financials","NBTB_HAFC",220.410020026678
"Financials","RNST_BHLB",223.241990300199
"Financials","SBSI_PIPR",225.949439889974
"Financials","INDB_WABC",235.474136660004
"Financials","SFNC_PRA",236.97642346326
"Financials","HOPE_CASH",239.944227109598
"Financials","LKFN_NYMT",241.194016924815
"Financials","TRMK_HOPE",242.994298721629
"Financials","WABC_AEL",245.233256349803
"Financials","PRK_TBBK",245.636101191851
"Financials","EGBN_BFH",250.521348253904
"Financials","NYMT_HMN",251.082763461744
"Financials","PFBC_PPBI",251.166180383908
"Financials","TMP_BRKL",255.860937232629
"Financials","SBSI_SFNC",262.206638138957
"Financials","PPBI_TMP",271.752555109664
"Financials","WABC_HOPE",281.147351123507
"Financials","CHCO_HMN",307.369005799032
"Financials","SFNC_HOPE",371.661746904387
"Financials","DCOM_FBP",373.783558831514
"Financials","TRMK_RWT",385.163316704187
"Financials","SFNC_HFWA",386.60693757444
"Financials","FCF_HFWA",386.608311092198
"Financials","FFBC_PPBI",395.512758064159
"Financials","FBNC_NWBI",401.737445774225
"Financials","WABC_TMP",462.638154716522
"Financials","TRMK_WT",469.218134066645
"Financials","INDB_TMP",489.904429020658
"Financials","TMP_AVTA",498.51726929015
"Financials","CHCO_AEL",507.053678060298
"Financials","DCOM_LKFN",650.016175363267
"Financials","WABC_UVE",697.502345599284
"Financials","SFNC_HAFC",702.86748575029
"Financials","FCF_PFBC",754.081346948368
"Financials","SBSI_CHCO",769.768431036598
"Financials","CBU_UVE",780.420774197245
"Financials","DCOM_HMN",992.578316907405
"Health_Care","ZYXI_DVAX",-207.933959769617
"Health_Care","AMN_DVAX",-71.2238430013216
"Health_Care","CCRN_DVAX",-66.9989324303369
"Health_Care","CRVL_BLFS",6.7574954740711e-05
"Health_Care","CDMO_SLP",1.5429850378537
"Health_Care","CDMO_VCEL",2.02594073446958
"Health_Care","NXGN_ZYXI",6.25376390149821
"Health_Care","CDMO_OMI",8.4722700249287
"Health_Care","CORT_LGND",11.8973329029307
"Health_Care","SRDX_VCEL",12.2057703897403
"Health_Care","MODV_AORT",13.6982855171544
"Health_Care","NKTR_MDRX",14.2332452761346
"Health_Care","NXGN_CDMO",16.3094217067105
"Health_Care","ANIP_CNMD",16.4138827847752
"Health_Care","HSKA_MODV",17.201763900512
"Health_Care","OMI_AMN",17.6718208796422
"Health_Care","AORT_RDNT",18.4274786818065
"Health_Care","CRVL_NXGN",20.6810147141745
"Health_Care","CORT_SLP",22.0795174794747
"Health_Care","CRVL_NUVA",22.9526004103573
"Health_Care","HSKA_ANGO",24.4795889999797
"Health_Care","CNMD_MMSI",25.4949584694204
"Health_Care","CRVL_MD",26.2783141237483
"Health_Care","OMI_MLAB",27.5677038633727
"Health_Care","ITGR_CYH",30.7864593198746
"Health_Care","OSUR_MLAB",33.6903738056167
"Health_Care","CCRN_OSUR",34.1514103291174
"Health_Care","CPSI_CYTK",34.4142562124699
"Health_Care","MLAB_OMI",35.4216403873015
"Health_Care","MLAB_CCRN",35.9949563439457
"Health_Care","ITGR_OSUR",38.0163355386934
"Health_Care","SLP_NKTR",38.1611075754107
"Health_Care","CYH_RDNT",46.3236730387895
"Health_Care","DVAX_CCRN",47.9199670079604
"Health_Care","NUVA_CORT",47.9380902247617
"Health_Care","CRVL_USPH",50.0019284494877
"Health_Care","MDRX_MD",50.0420365952671
"Health_Care","LGND_MLAB",54.6874477257398
"Health_Care","OMI_CYTK",56.6143248717957
"Health_Care","LGND_CNMD",60.491330306911
"Health_Care","NEO_HSTM",68.3892282722534
"Health_Care","CORT_CRVL",68.3933753061014
"Health_Care","CCRN_OMI",69.8638965772915
"Health_Care","CYTK_AORT",75.1379823517105
"Health_Care","INVA_LGND",75.6482525020958
"Health_Care","CRVL_ZYXI",87.6152380794531
"Health_Care","INVA_RDNT",100.93450655874
"Health_Care","SRDX_RDNT",101.594179260012
"Health_Care","CCRN_CNMD",104.812492556329
"Health_Care","SLP_OFIX",122.452088235419
"Health_Care","ITGR_OFIX",129.437476120697
"Health_Care","AORT_SRDX",130.888064190191
"Health_Care","OSUR_SRDX",133.934656107906
"Health_Care","ITGR_MYGN",135.777309971031
"Health_Care","CPSI_RDNT",145.688538584268
"Health_Care","VCEL_ITGR",161.545574739792
"Health_Care","LGND_INVA",163.30180609466
"Health_Care","NUVA_HSKA",190.613108778151
"Health_Care","VCEL_OFIX",198.7946934728
"Health_Care","HSTM_MD",208.448307321063
"Health_Care","ANIK_OFIX",219.953845402937
"Health_Care","CCRN_MDRX",223.701419452361
"Health_Care","HSTM_NEO",229.889397730358
"Health_Care","CUTR_ANIK",246.775965576174
"Health_Care","CPSI_MD",292.198829684592
"Health_Care","MMSI_USPH",305.392917789666
"Health_Care","NEO_MLAB",361.643359427763
"Health_Care","CCRN_AMN",443.785275440695
"Health_Care","MLAB_CRVL",482.983709122404
"Health_Care","ZYXI_MDRX",495.995888692359
"Health_Care","ANIK_CUTR",544.162455948563
"Health_Care","MLAB_MD",596.294071116417
"Health_Care","BLFS_NUVA",601.385694615267
"Health_Care","CYTK_OSUR",771.801813630954
"Health_Care","ZYXI_CRVL",901.723712693083
"Health_Care","SLP_CRVL",927.639651891301
"Health_Care","BLFS_AORT",1747.2950391366
"Health_Care","NXGN_HSKA",2072.96697995035
"Health_Care","BLFS_ITGR",2154.79387089379
"Health_Care","ZYXI_NXGN",2382.6237474429
"Health_Care","ZYXI_CUTR",4458.61166200392
"Health_Care","BLFS_INVA",4791.87688758421
"Health_Care","BLFS_ZYXI",10608.4013894023
"Health_Care","BLFS_CYH",12367.3692485045
"Health_Care","BLFS_SLP",23099.8794794795
"Health_Care","BLFS_CYTK",28948.9269703649
"Health_Care","BLFS_NKTR",40474.9807724667
"Health_Care","BLFS_HSTM",45434.9259765034
"Health_Care","BLFS_MMSI",46927.8602633083
"Health_Care","BLFS_CPSI",67928.032267813
"Health_Care","BLFS_USPH",95061.3542961844
"Health_Care","BLFS_ANIP",95912.117310886
"Health_Care","BLFS_OFIX",121806.833699802
"Health_Care","BLFS_LGND",129846.507230412
"Health_Care","BLFS_CDMO",503903.186091419
"Health_Care","BLFS_NEO",2981871.41343004
"Health_Care","BLFS_MODV",5495061.88577724
"Health_Care","BLFS_MDRX",5854310.89606135
"Health_Care","BLFS_HSKA",11135304.4516314
"Health_Care","BLFS_ANIK",52372556.7309265
"Health_Care","BLFS_MYGN",69307080.2699694
"Industrials","VVI_TWI",9.47851507235318
"Industrials","DXPE_RGP",12.434747521381
"Industrials","MOG-A_ARCB",15.3020121297515
"Industrials","DXPE_SKYW",16.032794023829
"Industrials","CIR_DLX",24.5022447965807
"Industrials","GEO_HUBG",27.3650571895915
"Industrials","WIRE_HNI",30.5461866606813
"Industrials","IIIN_AMWD",32.7763053835386
"Industrials","NPK_AIT",36.6877605409256
"Industrials","IIIN_ABM",40.8325925450506
"Industrials","WNC_TRN",42.3652708340606
"Industrials","HNI_AAON",42.5419015271724
"Industrials","MOG-A_ROCK",44.6680708919887
"Industrials","ARCB_EPAC",46.9324068214188
"Industrials","MATW_MLI",51.0317124339972
"Industrials","B_GBX",51.401482817082
"Industrials","MOG-A_WIRE",52.6322226991843
"Industrials","AZZ_SPXC",52.7822751593961
"Industrials","HA_AAON",55.0970228383045
"Industrials","MATW_MRTN",55.5477006352998
"Industrials","WNC_GEO",56.4549581335357
"Industrials","GEO_FORR",59.5444670498699
"Industrials","CIR_TRN",61.6658508291168
"Industrials","KFY_GVA",62.3656949504876
"Industrials","WIRE_BRC",68.257858971304
"Industrials","EXPO_SXI",68.4503228918033
"Industrials","TBI_AMWD",69.7956752930088
"Industrials","ASTE_NPK",74.5924406911603
"Industrials","SKYW_NPO",78.9088491929393
"Industrials","B_TBI",79.9803590630503
"Industrials","KAMN_AIN",81.5356173844137
"Industrials","MOG-A_HNI",84.4620493957547
"Industrials","WNC_GBX",85.3526771753622
"Industrials","MOG-A_FSS",86.6460398032696
"Industrials","ASTE_UFPI",87.1506655494407
"Industrials","WNC_TGI",89.8034540619647
"Industrials","CIR_AIR",98.3778638373978
"Industrials","IIIN_TRN",98.4288538582998
"Industrials","IIIN_SPXC",98.8817622560078
"Industrials","MRTN_HCSG",102.933767346567
"Industrials","HCSG_HSII",103.083565199907
"Industrials","HNI_WIRE",103.344838553549
"Industrials","TBI_AAON",104.19471246702
"Industrials","ROCK_WNC",106.598596085245
"Industrials","AAON_HNI",106.898980340106
"Industrials","SXI_ABM",109.590901808627
"Industrials","IIIN_GEO",112.156966014322
"Industrials","HNI_APOG",115.08872890625
"Industrials","AAON_AMWD",115.179793283257
"Industrials","NX_ABM",130.603781200762
"Industrials","HUBG_IIIN",132.044995519426
"Industrials","POWL_EXPO",132.794842975596
"Industrials","HSII_UNF",137.17518384486
"Industrials","IIIN_TWI",137.492398740372
"Industrials","GFF_ARCB",142.373244820592
"Industrials","SKYW_DXPE",145.122746403647
"Industrials","FSS_GFF",148.815465590913
"Industrials","SPXC_UNF",150.897229739154
"Industrials","IIIN_B",153.699334516183
"Industrials","ASTE_HSC",156.166642891322
"Industrials","WNC_MOG-A",159.08364529599
"Industrials","TNC_EXPO",161.896973138064
"Industrials","UNF_ROCK",164.267132951201
"Industrials","MLI_MATW",165.118648291216
"Industrials","SXI_CIR",166.421977089808
"Industrials","ASTE_ALG",175.367745487698
"Industrials","B_NPO",179.883352213388
"Industrials","HUBG_WIRE",181.952632179014
"Industrials","KFY_VVI",198.043191571987
"Industrials","AZZ_FWRD",208.378993745339
"Industrials","AIR_UNF",213.034283228451
"Industrials","ABM_FIX",241.463155754895
"Industrials","MLI_AIR",241.846533585495
"Industrials","TBI_UNF",246.973978884445
"Industrials","AIT_MRTN",251.912375862239
"Industrials","HUBG_EPAC",254.851347101212
"Industrials","MLI_MATX",263.03581472236
"Industrials","ASTE_HUBG",270.534488360498
"Industrials","KELYA_POWL",270.68515068747
"Industrials","FELE_MLI",274.707647260678
"Industrials","GBX_DXPE",283.371124350971
"Industrials","HUBG_TRN",283.847835202115
"Industrials","ALG_BRC",284.927632756024
"Industrials","UNF_TGI",289.623136258351
"Industrials","HA_HNI",312.404133321452
"Industrials","PKE_TBI",315.492543242917
"Industrials","ROCK_AIR",328.674862335246
"Industrials","IIIN_DDD",335.554392111557
"Industrials","RGP_GVA",339.563419326971
"Industrials","HCSG_GBX",345.861909928286
"Industrials","TBI_NPO",358.316808999023
"Industrials","FORR_DXPE",364.683657189843
"Industrials","ASTE_DLX",369.663660193281
"Industrials","KELYA_DXPE",406.502869971487
"Industrials","FWRD_VVI",423.17035722596
"Industrials","ROCK_SXI",466.135217834624
"Industrials","RGP_MLKN",478.401951459181
"Industrials","MRTN_TWI",479.908961208858
"Industrials","ABM_AJRD",502.461104047732
"Industrials","MLI_FELE",546.154615128532
"Industrials","HUBG_MRTN",583.571130348361
"Industrials","PKE_IIIN",590.714926061353
"Industrials","FORR_WNC",748.034644647736
"Industrials","HNI_DDD",872.999897534257
"Industrials","UNF_IIIN",1177.72869554471
"Industrials","NX_NPO",1213.43404760306
"Industrials","AAON_TILE",1346.58688248978
"Industrials","SXI_IIIN",1699.51312149178
"Information_Technology","CMTL_PLAB",3.95329111278349
"Information_Technology","ROG_KLIC",10.1021529645888
"Information_Technology","ACLS_AGYS",11.6937404679976
"Information_Technology","UIS_EBIX",14.8522292418249
"Information_Technology","VECO_ACLS",15.2585162801235
"Information_Technology","AGYS_ACLS",15.62950816021
"Information_Technology","ACLS_PDFS",17.2338891297966
"Information_Technology","EXTR_NTCT",18.4458916656019
"Information_Technology","VECO_AEIS",18.8609935179062
"Information_Technology","VECO_BMI",20.6482678529085
"Information_Technology","CMTL_NTGR",20.9444827025085
"Information_Technology","AVID_BHE",21.4203221322765
"Information_Technology","CSGS_PLAB",28.2011175624523
"Information_Technology","OSPN_AEIS",28.389212925731
"Information_Technology","PDFS_ROG",30.2272446201022
"Information_Technology","TTEC_ROG",34.3513897657308
"Information_Technology","AGYS_CLFD",35.1933328778948
"Information_Technology","PLXS_CLFD",39.329459568917
"Information_Technology","FARO_SANM",42.8316145189803
"Information_Technology","UIS_RMBS",43.0362384077054
"Information_Technology","PDFS_ACLS",45.9109422845866
"Information_Technology","AVID_ADTN",46.108776337613
"Information_Technology","PRFT_RAMP",48.5683278670995
"Information_Technology","AVID_IDCC",49.5851832647765
"Information_Technology","HLIT_RAMP",50.014783377384
"Information_Technology","HLIT_FORM",53.7945961021791
"Information_Technology","KLIC_RMBS",57.4332118773122
"Information_Technology","PDFS_PLXS",58.5042824843375
"Information_Technology","PDFS_BHE",63.6159126110696
"Information_Technology","PLXS_NTGR",63.846154431208
"Information_Technology","NTCT_EBIX",69.0327316168517
"Information_Technology","TTMI_DGII",70.224430983007
"Information_Technology","ROG_PDFS",74.4970330418504
"Information_Technology","TTEC_NTGR",75.0191231992914
"Information_Technology","MEI_FORM",77.1035064939962
"Information_Technology","HLIT_AEIS",79.8548987279173
"Information_Technology","NTCT_RAMP",83.2066654009609
"Information_Technology","DGII_ACLS",83.5228142761144
"Information_Technology","MEI_EXTR",86.1084525732904
"Information_Technology","PLAB_EXTR",89.6502114670431
"Information_Technology","TTMI_FARO",92.6976174137464
"Information_Technology","CTS_PLXS",92.7598673936655
"Information_Technology","VIAV_CEVA",93.7845541181103
"Information_Technology","HLIT_ROG",95.6928278543289
"Information_Technology","PLXS_SCSC",99.3612936782638
"Information_Technology","ADTN_PLXS",109.808926271634
"Information_Technology","DIOD_CNXN",112.42843831533
"Information_Technology","ITRI_OSIS",113.110360962255
"Information_Technology","ADEA_RMBS",114.204868481066
"Information_Technology","CEVA_CNXN",115.420168599575
"Information_Technology","BHE_COHU",115.694553016948
"Information_Technology","PLUS_CMTL",118.124148432007
"Information_Technology","PLAB_CSGS",123.120702188
"Information_Technology","ADTN_SMTC",125.623900209594
"Information_Technology","NTCT_MEI",131.501079274791
"Information_Technology","EGHT_AEIS",133.308235776814
"Information_Technology","ADTN_UCTT",134.800285455835
"Information_Technology","CSGS_DGII",134.809356894513
"Information_Technology","BHE_AVID",142.617040402112
"Information_Technology","AEIS_EBIX",144.032250549731
"Information_Technology","SCSC_LPSN",144.736007247816
"Information_Technology","ADTN_CEVA",165.878851259271
"Information_Technology","ITRI_CSGS",167.386820403021
"Information_Technology","PRGS_VECO",175.453829176068
"Information_Technology","EBIX_NTCT",177.82734341623
"Information_Technology","PLXS_BHE",178.42414262994
"Information_Technology","BMI_VECO",184.610446710107
"Information_Technology","UCTT_AEIS",186.300787546408
"Information_Technology","DGII_CSGS",197.176851266783
"Information_Technology","NTCT_EXTR",197.899984713424
"Information_Technology","DGII_TTMI",200.482686930928
"Information_Technology","BMI_ITRI",201.192664790031
"Information_Technology","PLXS_PDFS",217.31928206408
"Information_Technology","CLFD_PLXS",229.555423769394
"Information_Technology","BMI_COHU",238.024433442045
"Information_Technology","RAMP_CNXN",254.37490185565
"Information_Technology","RMBS_KLIC",255.127501889773
"Information_Technology","EGHT_ADTN",313.393293459747
"Information_Technology","NTGR_UCTT",321.917765173357
"Information_Technology","PLUS_LPSN",331.268228531559
"Information_Technology","AEIS_CEVA",338.385691448812
"Information_Technology","TTMI_SCSC",346.77371072803
"Information_Technology","PRGS_NSIT",362.852455697576
"Information_Technology","MEI_HLIT",373.443627800316
"Information_Technology","DGII_CNXN",429.282862013258
"Information_Technology","RMBS_PLXS",458.36058957778
"Information_Technology","OSIS_TTMI",472.624079751529
"Information_Technology","TTEC_AGYS",473.478924048366
"Information_Technology","COHU_BMI",476.149508497666
"Information_Technology","CLFD_EXTR",483.953178965993
"Information_Technology","CNXN_PRFT",511.054685027324
"Information_Technology","BMI_AEIS",515.279325293342
"Information_Technology","FORM_DIOD",522.842200276465
"Information_Technology","PRGS_CTS",584.335519297299
"Information_Technology","MEI_UIS",646.714674557686
"Information_Technology","PLUS_SCSC",695.998295642617
"Information_Technology","CNXN_DGII",765.089045341337
"Information_Technology","SCSC_PDFS",826.245181502746
"Information_Technology","TTEC_UIS",1035.50083623311
"Information_Technology","BMI_FORM",1087.46522398283
"Information_Technology","CNXN_DIOD",1270.76034431595
"Information_Technology","SCSC_ROG",1395.58155282451
"Information_Technology","SCSC_NSIT",2061.13561204155
"Materials","CENX_MATV",5.00545034174151
"Materials","CENX_TG",5.62910178916936
"Materials","OI_AVD",6.68025545839987
"Materials","TG_CENX",8.18185904612237
"Materials","ATI_SCL",13.744997208364
"Materials","ATI_OI",16.0090801762645
"Materials","MTX_CENX",17.0533609099301
"Materials","CENX_AVD",17.2204918694027
"Materials","BCPC_AVD",19.1824538452379
"Materials","IOSP_HWKN",19.5602434663674
"Materials","IOSP_MYE",21.5124040198851
"Materials","AVD_CENX",21.9950671026635
"Materials","MTX_AVD",22.6828623945192
"Materials","AVD_OI",26.6586320875748
"Materials","CENX_IOSP",28.526488951786
"Materials","SCL_IOSP",28.5329856674248
"Materials","OI_CENX",31.7530252456867
"Materials","MTRN_CENX",32.7427056032681
"Materials","MERC_FUL",38.448246022585
"Materials","ATI_IOSP",38.4913686650676
"Materials","OI_MTRN",39.0437230437294
"Materials","MTX_ATI",40.6837554031461
"Materials","OI_FUL",41.3494527427183
"Materials","TG_OI",44.5728178243477
"Materials","SCL_ATI",51.1042236584294
"Materials","CENX_ZEUS",51.4061115404315
"Materials","MTX_OI",57.649065543197
"Materials","MTX_CRS",60.5997671308198
"Materials","MTX_MYE",60.7438669922661
"Materials","KWR_CMP",60.7739159087697
"Materials","SCL_MTX",75.57827000008
"Materials","ATI_MYE",77.8406524604344
"Materials","TG_ATI",77.9802935069123
"Materials","MTX_TG",78.5408380746791
"Materials","MTX_FUL",78.7293727203817
"Materials","MATV_HWKN",79.6719854012249
"Materials","BCPC_MATV",99.6830303548019
"Materials","KWR_MTX",108.994194329674
"Materials","CMP_SCL",109.910326323674
"Materials","MATV_MYE",110.995736511402
"Materials","SCL_AVD",111.252481154198
"Materials","BCPC_MTX",113.845247273787
"Materials","ZEUS_SCL",114.931059339867
"Materials","MTRN_CMP",121.471820570809
"Materials","AVD_ATI",124.006928665902
"Materials","TG_FUL",124.032074284602
"Materials","CMP_MERC",126.165673470322
"Materials","CMP_KWR",127.436478472397
"Materials","CMP_CRS",132.129885541076
"Materials","HWKN_FUL",145.66454818905
"Materials","SCL_TG",146.680247764588
"Materials","BCPC_FUL",149.442818472415
"Materials","KWR_MYE",150.835542133994
"Materials","SCL_MYE",151.925554627484
"Materials","FUL_MTX",162.567220956469
"Materials","TG_MTX",163.406767545798
"Materials","HWKN_MATV",169.341118050064
"Materials","ZEUS_CMP",170.50469256129
"Materials","TG_SCL",176.36106385884
"Materials","MERC_CRS",184.783896948704
"Materials","MTRN_OI",185.488101100709
"Materials","ZEUS_OI",188.113333905193
"Materials","SCL_HWKN",192.141139893887
"Materials","FUL_MTRN",195.305207319266
"Materials","MYE_IOSP",195.95054345364
"Materials","KWR_BCPC",203.665233679173
"Materials","BCPC_MERC",208.561629336377
"Materials","SCL_ZEUS",210.285840891969
"Materials","KWR_HWKN",211.099346046653
"Materials","TG_CMP",216.329201843079
"Materials","IOSP_TG",228.110375492132
"Materials","CENX_MTX",228.33711970409
"Materials","SCL_CMP",229.989088087224
"Materials","SCL_KWR",232.195551562703
"Materials","TG_BCPC",313.315810679116
"Materials","SCL_FUL",330.045352564668
"Materials","BCPC_CMP",425.742535246756
"Materials","MYE_HWKN",461.554770890735
"Materials","BCPC_OI",462.898950738313
"Materials","AVD_CRS",485.187233196681
"Materials","HWKN_IOSP",486.074298134165
"Materials","FUL_CMP",494.038262391105
"Materials","BCPC_SCL",528.393415296232
"Materials","BCPC_KWR",549.545437543938
"Materials","TG_MATV",559.949511390103
"Materials","FUL_OI",656.935352549823
"Materials","HWKN_KWR",659.600489074108
"Materials","ZEUS_MYE",727.5634108183
"Materials","FUL_ZEUS",787.345726663373
"Materials","BCPC_ZEUS",1024.18968732571
"Materials","FUL_MYE",3102.19270928543
"Real_Estate","ELME_STAR",4.48969963719984
"Real_Estate","LTC_STAR",6.22441098931879
"Real_Estate","RPT_JOE",7.25559716461481
"Real_Estate","STAR_LTC",9.7851531086503
"Real_Estate","SITC_UHT",9.86070277362176
"Real_Estate","VRE_HT",11.4109511687237
"Real_Estate","SVC_JOE",11.5176935845699
"Real_Estate","JOE_GTY",12.5557020074909
"Real_Estate","VRE_STAR",12.7538572691679
"Real_Estate","STAR_GTY",13.1573311551786
"Real_Estate","STAR_ELME",13.9691033759433
"Real_Estate","SITC_JOE",14.4213700297177
"Real_Estate","SHO_UHT",14.598977391125
"Real_Estate","STAR_SVC",15.0519147064646
"Real_Estate","AKR_JOE",15.882918752951
"Real_Estate","HT_JOE",15.972675478031
"Real_Estate","STAR_AKR",16.2531691919681
"Real_Estate","SITC_ELME",17.2284647874525
"Real_Estate","HT_UHT",17.7044357113386
"Real_Estate","RPT_VRE",18.4189628538057
"Real_Estate","HT_VRE",18.912771584201
"Real_Estate","JOE_SITC",19.0091506720488
"Real_Estate","STAR_SKT",19.2462540792059
"Real_Estate","SVC_UHT",19.2982666168529
"Real_Estate","STAR_UBA",19.4621560179336
"Real_Estate","GTY_STAR",20.206693831953
"Real_Estate","ELME_SITC",20.548762043625
"Real_Estate","ELME_SVC",20.859410837893
"Real_Estate","RPT_SVC",20.9930481270335
"Real_Estate","RPT_STAR",21.0140776643325
"Real_Estate","STAR_JOE",21.5291172061315
"Real_Estate","SVC_ELME",21.8515716103153
"Real_Estate","RPT_UHT",22.1344180447887
"Real_Estate","BDN_STAR",22.5056795570389
"Real_Estate","STAR_BFS",22.5127685869673
"Real_Estate","RPT_ELME",22.5880398851551
"Real_Estate","STAR_VRE",22.914625230525
"Real_Estate","SVC_STAR",23.7261053340226
"Real_Estate","AKR_UHT",23.7477753846815
"Real_Estate","JOE_STAR",23.7938183914415
"Real_Estate","AKR_VRE",24.2472403984489
"Real_Estate","RPT_HT",24.785162678117
"Real_Estate","JOE_SKT",25.8136177221742
"Real_Estate","VRE_JOE",26.5901198491215
"Real_Estate","BFS_STAR",27.0248552394778
"Real_Estate","STAR_SHO",27.7518576113697
"Real_Estate","JOE_RPT",28.6861194429509
"Real_Estate","SHO_JOE",29.0805823068953
"Real_Estate","BDN_ELME",29.5185093640549
"Real_Estate","BDN_JOE",29.6789466368947
"Real_Estate","LTC_JOE",29.7831835853093
"Real_Estate","JOE_SVC",30.0526085506448
"Real_Estate","AKR_STAR",30.2753486404828
"Real_Estate","SHO_STAR",30.437689783193
"Real_Estate","SITC_VRE",30.5666826195952
"Real_Estate","UHT_STAR",31.0611540258864
"Real_Estate","LXP_STAR",31.248320025827
"Real_Estate","JOE_UHT",31.3370309140712
"Real_Estate","SITC_CSR",31.5162497725127
"Real_Estate","VRE_SHO",31.5373025319481
"Real_Estate","BDN_UHT",32.0889362971355
"Real_Estate","AKR_SVC",32.7122163861912
"Real_Estate","RPT_BFS",33.9017363797802
"Real_Estate","BDN_CSR",33.9269404399594
"Real_Estate","AKR_GTY",34.3265490413014
"Real_Estate","STAR_HT",35.1102119844978
"Real_Estate","JOE_BFS",35.5977205865619
"Real_Estate","STAR_UHT",36.017910782345
"Real_Estate","SITC_BFS",36.357125019358
"Real_Estate","SITC_SHO",36.7079026218691
"Real_Estate","BDN_SKT",37.043408319547
"Real_Estate","SVC_VRE",37.7354753686673
"Real_Estate","SITC_GTY",37.7379198033911
"Real_Estate","SHO_ELME",37.784442024373
"Real_Estate","SVC_AKR",38.1013631132781
"Real_Estate","JOE_LTC",38.4566234630845
"Real_Estate","SVC_CSR",38.5112061995568
"Real_Estate","ELME_HT",38.6151642867206
"Real_Estate","SVC_BFS",38.8288789545644
"Real_Estate","UHT_SITC",40.6996834635593
"Real_Estate","VRE_SKT",40.9652257158104
"Real_Estate","BFS_BDN",41.8322971188576
"Real_Estate","LTC_SVC",43.0093489596873
"Real_Estate","BDN_GTY",43.235255805289
"Real_Estate","UHT_VRE",43.6747507757867
"Real_Estate","AKR_CSR",43.8850159142691
"Real_Estate","AKR_UBA",43.8903003183147
"Real_Estate","AKR_SHO",44.4443855886135
"Real_Estate","BFS_VRE",44.5439384104103
"Real_Estate","SITC_LTC",44.9264954050464
"Real_Estate","JOE_VRE",45.2902214154286
"Real_Estate","SKT_JOE",45.3153798696649
"Real_Estate","HT_BFS",45.4035307605181
"Real_Estate","SVC_LXP",45.8812478967889
"Real_Estate","UHT_SHO",46.0528799962368
"Real_Estate","JOE_AKR",46.1658924549258
"Real_Estate","ELME_SKT",46.2395619282268
"Real_Estate","SITC_LXP",46.4737672583142
"Real_Estate","SVC_GTY",46.7137556287836
"Real_Estate","STAR_BDN",46.854195003959
"Real_Estate","JOE_UBA",47.0133905790663
"Real_Estate","RPT_CSR",47.0897775252254
"Real_Estate","HT_CSR",47.3471111786359
"Real_Estate","SKT_UHT",47.9983516379547
"Real_Estate","SITC_UBA",48.3223320447009
"Real_Estate","SKT_STAR",48.3433821590064
"Real_Estate","VRE_AKR",48.4252632831296
"Real_Estate","HT_ELME",49.1207536578136
"Real_Estate","BDN_VRE",49.4042718115185
"Real_Estate","SHO_CSR",51.3129257999545
"Real_Estate","SVC_SKT",51.4916677533034
"Real_Estate","HT_LTC",51.5290095476816
"Real_Estate","ELME_SHO",52.0800927517867
"Real_Estate","JOE_HT",53.3078601592146
"Real_Estate","VRE_SITC",54.5137275246916
"Real_Estate","CSR_SVC",55.3979976158874
"Real_Estate","SITC_HT",55.9491493051446
"Real_Estate","LTC_VRE",56.2564353515525
"Real_Estate","BDN_HT",57.3845476248391
"Real_Estate","RPT_BDN",57.9939480515203
"Real_Estate","SKT_VRE",58.562049188885
"Real_Estate","AKR_SITC",58.5786173272302
"Real_Estate","SITC_SVC",59.0082720242531
"Real_Estate","SVC_LTC",60.0694555790893
"Real_Estate","LXP_UHT",60.5231589312589
"Real_Estate","UHT_AKR",62.6720395484626
"Real_Estate","RPT_AKR",62.854697016257
"Real_Estate","BFS_UHT",64.3861141804154
"Real_Estate","SHO_UBA",64.8966090296912
"Real_Estate","SITC_BDN",65.5415980477836
"Real_Estate","ELME_UHT",65.9421423324228
"Real_Estate","VRE_SVC",65.9901448953131
"Real_Estate","ELME_JOE",66.1818326982777
"Real_Estate","BFS_JOE",68.1612323171224
"Real_Estate","HT_STAR",69.5823230308394
"Real_Estate","AKR_ELME",69.6196302956599
"Real_Estate","HT_UBA",70.7158282962183
"Real_Estate","RPT_SITC",71.0390731373903
"Real_Estate","SVC_UBA",71.4161670167317
"Real_Estate","HT_SITC",71.7267968011602
"Real_Estate","LXP_SVC",71.8562102737016
"Real_Estate","BFS_CSR",72.0518861875678
"Real_Estate","SKT_ELME",73.0454029305845
"Real_Estate","BDN_LXP",73.2315071068715
"Real_Estate","RPT_UBA",73.3792800747065
"Real_Estate","BFS_LTC",73.6264361942127
"Real_Estate","SKT_BDN",73.6773234327294
"Real_Estate","STAR_SITC",73.6936123629617
"Real_Estate","LXP_ELME",73.8848220719699
"Real_Estate","STAR_LXP",73.8936264594027
"Real_Estate","SITC_STAR",74.1567392111846
"Real_Estate","SVC_BDN",74.2718222074551
"Real_Estate","RPT_LTC",75.4783857148214
"Real_Estate","UHT_JOE",75.8439923985388
"Real_Estate","BDN_UBA",76.1950187963301
"Real_Estate","SVC_RPT",76.7151062919764
"Real_Estate","BFS_LXP",77.1899073137184
"Real_Estate","JOE_SHO",77.3812999374654
"Real_Estate","BDN_BFS",77.6369582569796
"Real_Estate","SHO_SKT",77.8326498148181
"Real_Estate","SKT_CSR",79.2023558883111
"Real_Estate","UHT_LXP",79.7384630502272
"Real_Estate","AKR_LXP",80.0685915537203
"Real_Estate","JOE_CSR",80.5567017489138
"Real_Estate","JOE_BDN",81.8060470341127
"Real_Estate","VRE_BDN",82.0913468761464
"Real_Estate","BFS_SVC",82.7041631733642
"Real_Estate","ELME_BDN",82.7448467833372
"Real_Estate","JOE_LXP",83.3002553452117
"Real_Estate","UHT_BDN",83.3660608176056
"Real_Estate","VRE_LXP",83.3761327992966
"Real_Estate","LTC_RPT",83.7008517543335
"Real_Estate","SHO_SVC",85.4237782006534
"Real_Estate","VRE_UHT",86.129519372671
"Real_Estate","UHT_SKT",87.9351986939525
"Real_Estate","ELME_CSR",88.0649750466731
"Real_Estate","SHO_BFS",88.1806487318728
"Real_Estate","GTY_CSR",88.2032320272353
"Real_Estate","VRE_ELME",88.3418086584319
"Real_Estate","BDN_AKR",89.1648127329637
"Real_Estate","UHT_SVC",90.7056189768172
"Real_Estate","LTC_AKR",91.2100214991602
"Real_Estate","SHO_LXP",91.7150437208613
"Real_Estate","SITC_SKT",92.0271218932626
"Real_Estate","LXP_JOE",92.7914499892298
"Real_Estate","SITC_AKR",93.0166689735331
"Real_Estate","AKR_BDN",93.1955859342786
"Real_Estate","CSR_SITC",93.2797609031035
"Real_Estate","ELME_AKR",93.2946033989917
"Real_Estate","LXP_SHO",93.7067988977697
"Real_Estate","SKT_GTY",93.8305822724449
"Real_Estate","BDN_SVC",93.8990635199731
"Real_Estate","RPT_GTY",94.0524209482014
"Real_Estate","LXP_VRE",94.6353362801725
"Real_Estate","BFS_GTY",95.2121999822907
"Real_Estate","ELME_RPT",95.3626924722399
"Real_Estate","SHO_VRE",95.7063101399037
"Real_Estate","RPT_SHO",95.8742881654912
"Real_Estate","LXP_LTC",96.5870939150124
"Real_Estate","HT_GTY",100.142654449476
"Real_Estate","SKT_SITC",101.518912277509
"Real_Estate","CSR_SHO",102.530666674735
"Real_Estate","AKR_LTC",102.813025778581
"Real_Estate","UHT_RPT",103.041038449571
"Real_Estate","CSR_STAR",103.825447714899
"Real_Estate","BDN_SITC",104.463956463853
"Real_Estate","VRE_BFS",105.548409827805
"Real_Estate","UHT_HT",106.089694051131
"Real_Estate","LXP_BFS",107.083305531752
"Real_Estate","SKT_RPT",107.224936432923
"Real_Estate","VRE_UBA",107.237607916429
"Real_Estate","LTC_SKT",107.35485919297
"Real_Estate","ELME_VRE",107.472586496686
"Real_Estate","AKR_HT",108.177297719547
"Real_Estate","UHT_ELME",108.633469270696
"Real_Estate","SKT_SVC",109.834556237372
"Real_Estate","BFS_SITC",110.256505457594
"Real_Estate","HT_SVC",111.063924488817
"Real_Estate","BFS_RPT",111.090578259927
"Real_Estate","UBA_JOE",111.964906231956
"Real_Estate","HT_SKT",112.050304156658
"Real_Estate","LTC_GTY",112.829866005586
"Real_Estate","ELME_LXP",112.873652810152
"Real_Estate","LXP_BDN",112.927187583649
"Real_Estate","LTC_ELME",114.734018434766
"Real_Estate","VRE_GTY",115.878932933633
"Real_Estate","VRE_RPT",118.538702383052
"Real_Estate","SHO_GTY",118.756237895768
"Real_Estate","RPT_SKT",118.97943739303
"Real_Estate","GTY_ELME",119.218789329629
"Real_Estate","SITC_RPT",119.67804314667
"Real_Estate","GTY_UHT",121.776482871495
"Real_Estate","LTC_CSR",121.848796158269
"Real_Estate","HT_LXP",124.138608924546
"Real_Estate","LXP_SKT",124.425848220754
"Real_Estate","UBA_UHT",125.924447809918
"Real_Estate","GTY_BFS",126.194035610606
"Real_Estate","AKR_RPT",127.173588084601
"Real_Estate","RPT_LXP",127.192903982785
"Real_Estate","CSR_RPT",127.470946912567
"Real_Estate","SHO_SITC",127.894361493903
"Real_Estate","BDN_SHO",128.603139176633
"Real_Estate","ELME_GTY",128.708420304272
"Real_Estate","UHT_BFS",129.003339774126
"Real_Estate","GTY_HT",131.264224327359
"Real_Estate","LTC_UHT",131.333628017884
"Real_Estate","SHO_RPT",131.43292166293
"Real_Estate","VRE_CSR",131.715007785816
"Real_Estate","LTC_HT",132.815976999508
"Real_Estate","CSR_BFS",133.140789809466
"Real_Estate","BFS_SKT",133.601323575538
"Real_Estate","HT_AKR",134.365723017492
"Real_Estate","BDN_LTC",134.725952796508
"Real_Estate","CSR_AKR",134.742093424705
"Real_Estate","AKR_BFS",135.054816577412
"Real_Estate","SVC_SITC",135.30842849997
"Real_Estate","LXP_SITC",135.530241912327
"Real_Estate","UHT_GTY",135.76891988146
"Real_Estate","ELME_UBA",136.789443329975
"Real_Estate","LTC_SITC",139.277004316563
"Real_Estate","HT_RPT",140.01197653236
"Real_Estate","GTY_JOE",144.42235633275
"Real_Estate","BFS_ELME",146.401515620187
"Real_Estate","LTC_BDN",147.420483622154
"Real_Estate","SKT_LTC",150.632180291042
"Real_Estate","BFS_SHO",151.114053926277
"Real_Estate","GTY_SKT",152.87369441185
"Real_Estate","STAR_CSR",153.241663118649
"Real_Estate","SKT_SHO",153.322935944374
"Real_Estate","LXP_GTY",155.615147952312
"Real_Estate","LTC_BFS",160.097673496094
"Real_Estate","GTY_AKR",161.649338175824
"Real_Estate","LXP_AKR",163.259266158641
"Real_Estate","LXP_UBA",166.459258494333
"Real_Estate","JOE_ELME",169.97622085097
"Real_Estate","SHO_AKR",170.551306982823
"Real_Estate","SVC_HT",170.859683822169
"Real_Estate","HT_SHO",171.21934671201
"Real_Estate","BDN_RPT",173.202129890478
"Real_Estate","UBA_STAR",176.193030634912
"Real_Estate","ELME_LTC",178.333640193848
"Real_Estate","LTC_LXP",179.260293790434
"Real_Estate","CSR_SKT",181.812866461377
"Real_Estate","SKT_BFS",181.964240811776
"Real_Estate","LXP_CSR",184.072522591942
"Real_Estate","ELME_BFS",184.311938507954
"Real_Estate","UBA_SKT",184.940884855526
"Real_Estate","AKR_SKT",185.411669050361
"Real_Estate","BFS_UBA",189.593804852356
"Real_Estate","LTC_SHO",190.720128377431
"Real_Estate","GTY_SVC",191.945149628286
"Real_Estate","CSR_ELME",194.737462224457
"Real_Estate","HT_BDN",195.731368694588
"Real_Estate","UBA_AKR",197.267534180125
"Real_Estate","SKT_UBA",197.638502776205
"Real_Estate","UHT_UBA",199.067278400841
"Real_Estate","LXP_HT",207.414621464887
"Real_Estate","VRE_LTC",210.987906943545
"Real_Estate","CSR_HT",211.551628611206
"Real_Estate","UBA_VRE",211.83164614584
"Real_Estate","GTY_SHO",216.002814766569
"Real_Estate","CSR_VRE",216.929191651574
"Real_Estate","CSR_GTY",217.053061566145
"Real_Estate","UBA_CSR",217.914003420448
"Real_Estate","UHT_CSR",218.198764633997
"Real_Estate","BFS_HT",222.053706916078
"Real_Estate","CSR_LTC",223.202455085825
"Real_Estate","SKT_LXP",223.209357246039
"Real_Estate","SVC_SHO",224.919849418982
"Real_Estate","GTY_SITC",228.564913159471
"Real_Estate","SHO_LTC",232.385980214549
"Real_Estate","GTY_LTC",232.452117407619
"Real_Estate","CSR_UHT",237.994525115369
"Real_Estate","UBA_SVC",246.844734055876
"Real_Estate","GTY_LXP",250.704547799333
"Real_Estate","BFS_AKR",254.632002947775
"Real_Estate","STAR_RPT",266.98945059139
"Real_Estate","CSR_JOE",267.550845130904
"Real_Estate","SKT_AKR",273.546130183759
"Real_Estate","UBA_LXP",274.958179458257
"Real_Estate","UBA_SITC",290.472424563364
"Real_Estate","LXP_RPT",293.822780143857
"Real_Estate","CSR_BDN",297.285632990342
"Real_Estate","GTY_UBA",300.99219344824
"Real_Estate","UHT_LTC",307.864817373627
"Real_Estate","GTY_BDN",314.327452080788
"Real_Estate","UBA_BFS",317.378888634772
"Real_Estate","UBA_GTY",320.16741063635
"Real_Estate","CSR_UBA",325.907825966802
"Real_Estate","UBA_LTC",340.491068229016
"Real_Estate","SHO_HT",376.638457246672
"Real_Estate","UBA_RPT",385.403093468191
"Real_Estate","LTC_UBA",420.611265330573
"Real_Estate","SHO_BDN",420.944997053871
"Real_Estate","UBA_HT",450.523054349527
"Real_Estate","UBA_ELME",459.088050494811
"Real_Estate","GTY_RPT",465.652996669411
"Real_Estate","SKT_HT",465.804673137848
"Real_Estate","GTY_VRE",567.387840693292
"Real_Estate","UBA_BDN",589.867663530996
"Real_Estate","CSR_LXP",616.644279425294
"Real_Estate","UBA_SHO",846.108908143034
"Utilities","AVA_CWT",52.5824758628588
"Utilities","AVA_MSEX",69.8006523739973
"Utilities","AWR_UTL",74.4126907264317
"Utilities","CWT_AVA",77.7602518374458
"Utilities","UTL_AWR",79.3681093856213
"Utilities","AVA_NWN",81.2904457482935
"Utilities","NWN_AWR",92.3911090407862
"Utilities","UTL_SJW",111.798548524748
"Utilities","MSEX_SJW",114.00646567834
"Utilities","AVA_CPK",117.580348929865
"Utilities","SJW_UTL",123.793279555122
"Utilities","AWR_NWN",126.580237497939
"Utilities","SJW_AVA",135.459267678988
"Utilities","SJW_CPK",139.709472448384
"Utilities","CWT_SJW",142.002052429965
"Utilities","NWN_AVA",152.314020057739
"Utilities","CWT_NWN",159.633655275586
"Utilities","AWR_MSEX",173.074317328195
"Utilities","NWN_SJW",176.728260107469
"Utilities","AVA_UTL",180.915358575755
"Utilities","AVA_AWR",188.553791862817
"Utilities","MSEX_UTL",189.886979096104
"Utilities","UTL_AVA",197.553504049694
"Utilities","MSEX_CWT",198.691108422824
"Utilities","SJW_NWN",200.500949333265
"Utilities","AWR_AVA",210.710684574118
"Utilities","NWN_CPK",212.234291828557
"Utilities","CWT_UTL",212.265530879041
"Utilities","MSEX_AWR",214.021822855802
"Utilities","MSEX_NWN",234.44164882553
"Utilities","UTL_CWT",235.797299682528
"Utilities","AWR_SJW",239.100499080468
"Utilities","CPK_CWT",242.98361157275
"Utilities","CPK_AWR",249.975969796324
"Utilities","UTL_NWN",277.913158664113
"Utilities","SJW_AWR",301.740507116261
"Utilities","UTL_MSEX",327.512511493401
"Utilities","MSEX_AVA",353.415573213469
"Utilities","CWT_CPK",354.324102436202
"Utilities","MSEX_CPK",384.996601110534
"Utilities","SJW_MSEX",395.746653609144
"Utilities","AWR_CPK",396.419720442391
"Utilities","NWN_UTL",429.143135350003
"Utilities","CPK_UTL",430.065861115012
"Utilities","SJW_CWT",437.334588956199
"Utilities","CWT_MSEX",495.899148975622
"Utilities","CPK_MSEX",537.526441322521
"Utilities","CPK_AVA",548.146117850148
